name,gender,section,salary,year_Joining,age
Lois,F,H2,11,2003,60
Brenda,F,H2,7,2008,60
Joe,M,H2,8,2016,68
Diane,F,H1,4,1999,51
Benjamin,M,H2,7,2013,58
Patrick,M,H2,7,2005,58
Nancy,F,H2,9,2016,50
Carol,F,H1,1,1983,40
Frances,F,H1,4,1994,42
Diana,F,H1,2,2014,60
Ralph,M,H1,4,2009,80
Jack,M,H1,1,2017,61
Melissa,F,H2,11,2015,55
Wayne,M,H2,7,2017,87
Cheryl,F,H2,11,1990,47
Paula,F,H2,8,1994,42
Joshua,M,H2,9,2002,68
Theresa,F,H1,1,2015,59
Julia,F,H1,2,2005,56
Thomas,M,H1,6,1998,73
Carol,F,H1,4,2016,56
Matthew,M,H1,2,2016,56
Joan,F,H2,12,2009,56
Ruby,F,H2,8,2013,59
Carolyn,F,H2,7,2001,53
Anne,F,H2,11,2013,60
Daniel,M,H1,3,2014,60
Roger,M,H1,1,2009,77
Maria,F,H2,10,1998,41
Brenda,F,H2,8,1987,41
Lillian,F,H1,4,2015,49
Amy,F,H1,6,2003,52
Gregory,M,H2,9,2015,64
Roy,M,H2,8,2012,62
Richard,M,H2,8,2016,81
Mary,F,H2,12,1991,54
Aaron,M,H2,7,1997,56
Donna,F,H2,7,2013,57
Carl,M,H1,6,2007,90
Joyce,F,H1,5,2010,44
Mary,F,H1,5,2004,45
Amanda,F,H1,4,2007,40
Jack,M,H2,7,2007,50
Alan,M,H1,6,2006,80
Elizabeth,F,H1,1,2005,56
Nancy,F,H2,8,2012,52
Ernest,M,H1,1,2016,53
Judy,F,H2,12,2011,40
Nancy,F,H2,10,2015,60
Pamela,F,H1,6,2017,47
Larry,M,H1,2,2017,75
Ann,F,H2,11,2013,41
Judy,F,H1,1,1992,51
Peter,M,H2,11,2009,70
Clarence,M,H2,12,2008,64
Sharon,F,H1,3,2014,43
Ann,F,H1,2,2017,44
Anne,F,H2,7,2003,48
Nancy,F,H1,2,1999,45
Antonio,M,H1,5,2017,82
Frances,F,H2,8,2010,42
Debra,F,H1,1,1991,54
Henry,M,H1,6,2017,70
Melissa,F,H1,2,2017,55
Todd,M,H1,5,2016,74
Christopher,M,H2,11,1997,62
Andrea,F,H1,4,2010,52
Jeremy,M,H1,4,2006,52
Steven,M,H1,3,2015,58
Cynthia,F,H1,2,2009,47
Jason,M,H2,9,1999,57
Cynthia,F,H1,3,2004,60
Margaret,F,H2,8,2016,56
Douglas,M,H2,9,2009,61
Paul,M,H1,6,1995,60
Linda,F,H1,5,2017,40
Cheryl,F,H2,7,2007,48
Martha,F,H1,3,2017,54
William,M,H1,3,2000,50
Carolyn,F,H2,11,2014,60
Ruby,F,H2,7,2017,48
Paul,M,H2,9,2014,68
Ernest,M,H1,1,2015,87
Dorothy,F,H2,12,2013,57
Ryan,M,H2,8,2014,65
Lillian,F,H2,12,1999,55
Kelly,F,H2,7,2013,53
Jimmy,M,H2,12,2007,87
Margaret,F,H1,5,2013,43
Janet,F,H2,12,2012,60
Eugene,M,H2,12,2014,59
Deborah,F,H1,3,2002,54
Janice,F,H2,8,2016,56
Rebecca,F,H1,4,1983,55
Phillip,M,H1,1,2016,82
Jose,M,H2,7,2016,89
Harold,M,H2,8,2011,77
Nicole,F,H1,1,1989,60
Theresa,F,H2,8,2010,57
Tammy,F,H1,4,2015,55
